{
	"id": "c5207fea-6b04-4eaa-ae0a-22624215e64e",
	"name": "QA_Environment",
	"values": [
		{
			"key": "Base_URL",
			"value": "",
			"type": "default",
			"enabled": true
		},
		{
			"key": "apikey",
			"value": "",
			"type": "default",
			"enabled": true
		},
		{
			"key": "BaseURLDemo",
			"value": "",
			"type": "default",
			"enabled": true
		}
	],
	"_postman_variable_scope": "environment",
	"_postman_exported_at": "2023-12-11T07:25:40.119Z",
	"_postman_exported_using": "Postman/10.17.3"
}